{
  "main": {
    "id": "7639ba22b8d56838",
    "type": "split",
    "children": [
      {
        "id": "86aa776ccd9d753a",
        "type": "tabs",
        "children": [
          {
            "id": "be081f1f539b4720",
            "type": "leaf",
            "state": {
              "type": "markdown",
              "state": {
                "file": "AI Project Report.md",
                "mode": "source",
                "source": false
              }
            }
          }
        ]
      }
    ],
    "direction": "vertical"
  },
  "left": {
    "id": "0fd8f5b469f594cc",
    "type": "split",
    "children": [
      {
        "id": "8db29f54b7e95f25",
        "type": "tabs",
        "children": [
          {
            "id": "2f334d28b321f6ee",
            "type": "leaf",
            "state": {
              "type": "file-explorer",
              "state": {
                "sortOrder": "alphabetical"
              }
            }
          },
          {
            "id": "95e40986fc57d117",
            "type": "leaf",
            "state": {
              "type": "search",
              "state": {
                "query": "",
                "matchingCase": false,
                "explainSearch": false,
                "collapseAll": false,
                "extraContext": false,
                "sortOrder": "alphabetical"
              }
            }
          },
          {
            "id": "19d3be549bceb786",
            "type": "leaf",
            "state": {
              "type": "bookmarks",
              "state": {}
            }
          }
        ]
      }
    ],
    "direction": "horizontal",
    "width": 300,
    "collapsed": true
  },
  "right": {
    "id": "d4ddf8058b903d84",
    "type": "split",
    "children": [
      {
        "id": "e0aebedee620b175",
        "type": "tabs",
        "children": [
          {
            "id": "cb27ab0857b73fdf",
            "type": "leaf",
            "state": {
              "type": "backlink",
              "state": {
                "file": "AI Project Report.md",
                "collapseAll": false,
                "extraContext": false,
                "sortOrder": "alphabetical",
                "showSearch": false,
                "searchQuery": "",
                "backlinkCollapsed": false,
                "unlinkedCollapsed": true
              }
            }
          },
          {
            "id": "43e47de7ab34cea8",
            "type": "leaf",
            "state": {
              "type": "outgoing-link",
              "state": {
                "file": "AI Project Report.md",
                "linksCollapsed": false,
                "unlinkedCollapsed": true
              }
            }
          },
          {
            "id": "adbf578b5580e684",
            "type": "leaf",
            "state": {
              "type": "tag",
              "state": {
                "sortOrder": "frequency",
                "useHierarchy": true
              }
            }
          },
          {
            "id": "7571d57a65d8f53d",
            "type": "leaf",
            "state": {
              "type": "outline",
              "state": {
                "file": "AI Project Report.md"
              }
            }
          }
        ]
      }
    ],
    "direction": "horizontal",
    "width": 300,
    "collapsed": true
  },
  "left-ribbon": {
    "hiddenItems": {
      "switcher:Open quick switcher": false,
      "graph:Open graph view": false,
      "canvas:Create new canvas": false,
      "daily-notes:Open today's daily note": false,
      "templates:Insert template": false,
      "command-palette:Open command palette": false
    }
  },
  "active": "be081f1f539b4720",
  "lastOpenFiles": [
    "GAKnapsackFC.jpg",
    "AI Project Report.md"
  ]
}